Category,Tool,Primary Function,Data Entry Points,Lifecycle Stages,Core Features,Missing Features,Export Capabilities,Integration Ecosystem,AI Capabilities,Unique Value Prop
CRM,Salesforce,End-to-end sales pipeline & customer relationship management,"Lead capture (forms, marketing, manual), Contact creation, Opportunity creation, Account data, Activity logging",1. Lead Generation → 2. Marketing Qualified Lead (MQL) → 3. Sales Accepted Lead (SAL) → 4. Sales Qualified Lead (SQL) → 5. Opportunity (Prospecting/Qualification/Proposal/Negotiation) → 6. Closed Won/Lost → 7. Post-Purchase (Onboarding/Renewal/Upsell),"Pipeline visualization, Lead scoring, Opportunity tracking, Account/Contact management, Sales forecasting, Automated workflows, Territory management, CPQ (Configure-Price-Quote), Analytics/reporting, Mobile access","Native project task management (needs integration), Built-in document collaboration, Native video conferencing","CSV/Excel export (all objects), API access for bulk data, Reports can be exported, Data Loader tool for mass export, Scheduled exports available","Slack, Microsoft Teams, Google Workspace, Mailchimp, Zapier, 3000+ AppExchange integrations","Einstein AI for lead scoring, Predictive forecasting, Opportunity insights, Next-best-action recommendations, Email intelligence",Industry standard CRM with deepest feature set and ecosystem. Full sales-to-service lifecycle tracking with robust automation.
CRM,HubSpot,Inbound marketing & sales CRM with free tier,"Website forms, Email tracking, Manual entry, Import, Chat, Social media, Marketing automation",1. Stranger → 2. Visitor → 3. Lead → 4. Marketing Qualified Lead → 5. Sales Qualified Lead → 6. Opportunity → 7. Customer → 8. Evangelist (similar pipeline to Salesforce but with marketing focus),"Contact/Company/Deal management, Email tracking, Meeting scheduling, Pipeline management, Email sequences, Live chat, Marketing automation, Landing pages, Workflows, Reporting","Advanced territory management (paid only), Complex CPQ (needs apps), Deep customization limits on free tier","CSV export of all record types, Workflow exports (spreadsheet), Bulk export via API, Record property exports, Association exports","Gmail, Outlook, Slack, Zoom, Salesforce, 1000+ app marketplace integrations","Content Assistant, Predictive lead scoring, ChatSpot (conversational CRM), Forecasting AI, Email send time optimization",Free CRM tier with rich features. Tight marketing-sales alignment. Easy to use for small-medium businesses.
Project Management,Jira,Agile software development & issue tracking,"Issue creation (manual, email, API), Sprint planning, Backlog grooming, Git commits (auto-link), Import from CSV/Trello","1. Backlog → 2. To Do → 3. In Progress → 4. Code Review → 5. Testing/QA → 6. Done → 7. Released (customizable per workflow). Tracks: Sprint cycles, Release versions, Epic → Story → Task → Sub-task hierarchy","Issue tracking, Sprint management, Kanban/Scrum boards, Burndown charts, Velocity tracking, Roadmaps, Release management, Custom workflows, Time tracking, Agile reporting (velocity, sprint reports)","Poor for non-technical teams, Complex UI for simple tasks, Limited built-in resource management, No native financial/budget tracking","JSON export (all data), CSV export (Premium), Excel export via advanced search, REST API for bulk export, Limited to 1000 most recent actions in basic JSON","Confluence, Bitbucket, GitHub, Slack, Microsoft Teams, 3000+ Atlassian Marketplace apps","Limited native AI (mainly through marketplace apps), Atlassian Intelligence for summarization and automation (rolling out)","Industry standard for software teams. Deep agile methodology support. Excellent developer tool integration (Git, CI/CD)."
Project Management,Asana,General work & project management for all teams,"Task creation (manual, email, form), Project templates, CSV import, Mobile task capture","1. Ideation/Planning → 2. Task Assignment → 3. In Progress → 4. Review/Approval → 5. Complete → 6. Project Close. Tracks: Project milestones, Task dependencies, Workload capacity","Task management, Multiple views (list/board/timeline/calendar/Gantt), Subtasks, Custom fields, Task dependencies, Workload view, Basic time tracking, Portfolio management, Forms, Automation rules, Templates","Limited financial management, No native invoicing, Basic time tracking (no timers in free), Lacks advanced resource planning, No native document collaboration","CSV export (tasks, projects), JSON export, Portfolio reports export, API access for bulk data, Can export from search results","Slack, Microsoft Teams, Gmail, Outlook, Zoom, Google Drive, 200+ app integrations","Smart Goals, Workflow automation suggestions, Smart Answers (AI assistant for project Q&A)","Clean, intuitive interface. Good middle ground between simple (Trello) and complex (Jira). Strong for non-technical teams."
Project Management,Trello,Visual kanban-style task & project boards,"Card creation (manual, email, Butler automation), Board templates, Import from Jira (limited)","1. Ideas/Backlog → 2. To Do → 3. Doing → 4. Done (fully customizable columns). Tracks: Card progression through custom pipelines, Checklists within cards","Kanban boards, Cards with checklists, Labels/tags, Due dates, Attachments, Card templates, Butler automation, Power-Ups (extensions), Calendar/Timeline views (Premium), Board templates","Very limited reporting without Power-Ups, No native time tracking, No Gantt charts (needs Power-Up), Weak for complex dependencies, No built-in resource management, Limited scalability for large teams","JSON export (free, all boards), CSV export (Premium only), Workspace-level bulk export (Premium), Can include attachments in ZIP, API access","Slack, Google Drive, Dropbox, Jira, GitHub, 200+ Power-Ups, Zapier","Butler automation (rule-based, not true AI), Limited AI features compared to competitors","Simplest, most visual interface. Perfect for small teams and personal productivity. Fast setup with minimal learning curve."
Project Management,ClickUp,All-in-one work management platform (hyper-customizable),"Task creation, Multiple import sources (CSV, Trello, Asana, Jira), Forms, Email, Docs, Chat messages","1. Backlog/Ideas → 2. To Do → 3. In Progress → 4. Review → 5. Complete → 6. Archived (fully customizable statuses). Tracks: Sprints, Goals (OKRs), Project portfolios, Team capacity","15+ views (List/Board/Gantt/Timeline/Calendar/Workload/etc), Time tracking with timers, Goals & OKRs, Docs & wikis, Whiteboards, Mind maps, Automations, Custom fields, Dashboards, Resource management, Dependencies, Integrations, Sprint management","Can be slow/buggy, Overwhelming complexity for new users, Steep learning curve, Limited financial features","CSV export, Task list exports, Dashboard exports, Custom report exports, API for bulk data","Slack, Microsoft Teams, Google Workspace, GitHub, Zoom, 1000+ integrations via Zapier and native","ClickUp Brain AI: AI writing assistant, AI project manager, AI knowledge base search, Task auto-generation, Doc summarization",Everything all-in-one. Most customizable PM tool. Replaces multiple tools. Feature-rich but complex.
Communication,Slack,Team messaging & collaboration hub,"Messages in channels/DMs, File uploads, App integrations posting data, Workflow automation triggers","1. Onboarding (join workspace) → 2. Discovery (find channels) → 3. Collaboration (messaging, huddles) → 4. Knowledge Building (canvas, search) → 5. Automation (workflows). Thread-based conversations with async and real-time modes","Channels (public/private), Direct messages, Threads, File sharing, Search, Integrations (4000+), Slack Connect (external orgs), Canvas (docs), Clips (video messages), Workflows (no-code automation), Huddles (audio/video), Screen sharing, Emoji reactions","No native project management, No task assignments (needs integrations), No time tracking, Not a document editor (Canvas is basic), No email integration inbox","Message export (Enterprise only), Channel exports, Workspace-level data export (compliance), API for message retrieval","Salesforce, Jira, Google Workspace, Microsoft 365, Zoom, Asana, Trello, 2600+ apps in App Directory","2026: Slack AI (all paid plans): Channel/thread summaries, Huddle notes & transcription (auto-generated canvas), Search recaps, Daily digest, Agentforce AI agents can be deployed in Slack as coworkers",Central hub for team communication. 4000+ integrations make it connective tissue for workflows. Canvas + AI notes bridge async and sync work.
Communication,Discord,Community & team voice/video/text chat,"Text messages, Voice/video in channels, File uploads, Bot commands, Screen sharing",1. Server Creation → 2. Channel Setup → 3. Role/Permission Configuration → 4. Member Onboarding → 5. Ongoing Collaboration (voice/text/video) → 6. Moderation. Slash commands for actions,"Text/voice/video channels, Roles & permissions (granular), Bots & automation, Screen sharing, Stage channels (presentations), Threads, Forums, Integrations, Server templates, Mobile apps","No project management, No task tracking, No file organization system, Limited search compared to Slack, No enterprise security certifications, Not built for work (gaming roots)","Limited native export (mainly for compliance/legal), Third-party bots for message archiving, API for custom exports","Limited compared to Slack. Focused on gaming/streaming (Twitch, YouTube, Spotify), Zapier for custom workflows","Third-party AI bots (ChatGPT bot, Midjourney bot), No native enterprise AI features",Best voice quality and performance. Granular permission system. Server-based architecture ideal for communities with complex hierarchies.
Video Conferencing,Google Meet,Enterprise video conferencing (Google Workspace),"Calendar events auto-create meetings, Instant meetings, Gmail integration, Meet hardware","1. Meeting Scheduling (Calendar) → 2. Pre-join (waiting room) → 3. Active Meeting (video/audio/screen share) → 4. Recording (saved to Drive) → 5. Post-meeting (transcripts, attendance). Integrated with Google Calendar lifecycle","HD video (up to 500 participants), Screen sharing, Live captions, Breakout rooms, Polls, Q&A, Hand raising, Backgrounds, Noise cancellation (AI), Recording (saves to Drive), YouTube live streaming, Meet hardware support","No self-hosting option, Requires Google account for full features, Limited customization, 60-min limit on free tier","Recordings auto-save to Google Drive, Attendance reports, Transcripts export, Poll results, No message export (use Chat)","Seamless Google Workspace (Gmail, Calendar, Drive, Chat, Docs), Third-party: Slack, Miro, Mural, Asana (via Zapier)","Live captions (multi-language), Noise cancellation, Background blur/replacement, Companion mode (AI meeting assistant)",Best-in-class Google Workspace integration. Enterprise-grade with professional features. AI optimization for quality.
Video Conferencing,Jitsi Meet,Open-source video conferencing (self-hostable),"URL-based instant meetings (no account), Embeddable in websites, API integration","1. Meeting Creation (instant, no login) → 2. Join (one-click) → 3. Active Meeting → 4. Recording (via Jibri if self-hosted) → 5. End. No persistent account or history","Unlimited participants (self-hosted), HD video, Screen sharing with audio, Chat, Reactions, Virtual backgrounds, YouTube live streaming, Recording (with Jibri), End-to-end encryption, Custom branding (self-hosted), No account required","Limited built-in features vs commercial tools, No breakout rooms (self-hosted setup complex), No polls/Q&A, Weaker mobile experience, No live captions, Limited admin controls (hosted version)","Recordings (if Jibri configured), Chat logs (limited), Full data control if self-hosted","API for custom integrations, Slack, Mattermost, Nextcloud, Matrix, Limited compared to commercial tools",None native (third-party AI bots can be integrated if self-hosted),Open-source and self-hostable. Complete data sovereignty. Free unlimited use. No vendor lock-in. Best for privacy-conscious orgs.
Calendar/Productivity AI,Motion,AI-powered calendar & task scheduler,"Tasks (manual or AI chat), Calendar sync (Google/Outlook), Projects, Meeting bookings","1. Task Input → 2. AI Auto-Scheduling (priorities, deadlines, duration) → 3. Calendar Time-blocking → 4. Execution (day planner) → 5. Auto-Rescheduling (when conflicts arise) → 6. Completion Tracking. Continuous optimization cycle","AI task scheduler (auto time-blocks), Calendar integration (Google/Outlook/iCloud), Meeting scheduler (like Calendly), Daily AI planner, Project management boards, Task prioritization, Auto-rescheduling, Meeting Defender (protects focus time), AI Chat interface, Team workload view, Recurring tasks, Dependencies","Limited collaboration features vs dedicated PM tools, No native document collaboration, Expensive compared to alternatives, Learning curve for AI optimization, Limited integrations","Limited export options, Tasks can be exported, Calendar data synced (not owned by Motion), No bulk data export mentioned","Google Calendar, Microsoft Outlook 365, Gmail, Zapier, Limited compared to PM tools","Core product is AI: Auto-scheduling, Task prioritization, Meeting optimization, AI Notetaker (transcription), AI Chat (natural language task creation), AI Docs & Sheets, Daily agenda generation",AI that actually schedules your day for you. Combines calendar + tasks + projects. Saves 30+ days/year (claimed). Ideal for busy professionals drowning in tasks.
Sales Collaboration,Aligned,Digital sales rooms & buyer collaboration (B2B),"Deal creation (from CRM sync), Content uploads, Mutual action plans, Stakeholder mapping, Call/meeting notes","1. Deal Creation → 2. Digital Sales Room Setup → 3. Buyer Collaboration (content sharing, mutual action plans) → 4. Stakeholder Engagement Tracking → 5. Risk Detection → 6. Close → 7. Customer Success Handoff. Tracks buying committee activity and engagement","Digital sales rooms (buyer-facing workspaces), Mutual action plans (collaborative), Content management, Stakeholder mapping, Buyer engagement analytics, Task tracking (buyer + seller), CRM sync (HubSpot, Salesforce), Email integration, Live chat/discussions, Custom branding, Templates","Not a CRM replacement (needs integration), Limited project management, No native video conferencing, Requires buy-in from buyers","Analytics exports, Engagement reports, Task completion data, Integration with CRM exports data back","Salesforce, HubSpot, Calendly, Pitch, Gong, Gmail, Slack, Outreach, Salesloft","2026 AI Deal Workspace: Auto-generates executive summaries, Action items from calls, Risk detection, Stakeholder recommendations, Business case generation, Follow-up email drafts, AI buyer assistant (in workspace)","First true ""system of action"" for sales. Bridges gap between CRM and buyer. Reduces friction in complex B2B deals. Mutual accountability."
Google Workspace,Google Docs/Sheets/Slides,Cloud-based document collaboration suite,"Manual document creation, Import (Word, Excel, PowerPoint), Google Drive sync, Form responses (Sheets), Email attachments",1. Creation → 2. Drafting/Editing (real-time collaboration) → 3. Commenting/Suggesting → 4. Review/Approval → 5. Publishing/Sharing → 6. Version History. Fully collaborative lifecycle with track changes,"Real-time collaboration, Comments & suggestions, Version history, Share permissions (view/comment/edit), Templates, Add-ons/Extensions, Mobile apps, Offline mode, Smart Compose/Reply (AI), Explore (AI research), Voice typing, Macros (Sheets)","Less formatting control vs Microsoft Office, Limited offline capabilities, Requires internet for best experience, No native project management","Export to: PDF, DOCX, XLSX, PPTX, TXT, CSV, ODS, RTF, EPUB, Also Google Drive export (Takeout)","Seamless Google Workspace integration, Third-party: Asana, Trello, Slack, Zoom, 1000+ add-ons in Workspace Marketplace","Smart Compose, Smart Reply, Explore (AI research in Docs), Auto-fill patterns (Sheets), Design ideas (Slides), Grammar suggestions",Industry standard for collaborative document editing. Real-time co-authoring. Ubiquitous in business and education.
Google Workspace,NotebookLM,AI research & learning assistant (document analysis),"Upload sources: PDFs, Google Docs, Google Slides, websites, YouTube videos, Audio files. Notebook creation","1. Notebook Creation → 2. Source Upload (up to 50 sources) → 3. AI Analysis & Briefing Doc Generation → 4. Q&A with Sources → 5. Content Creation (summaries, slide decks, podcasts) → 6. Gemini Integration (advanced synthesis). Research lifecycle with grounded AI","Multi-source analysis (50 docs/notebook), AI-generated briefing docs, Source-grounded Q&A (citations), Audio Overviews (AI podcast generation), Note-taking, Notebook sharing, Customizable AI style, Integration with Gemini (2026), Studio: Auto-generate slide decks, infographics, tables","No project management, No task tracking, No real-time collaboration (async only), Limited to document analysis (no creation from scratch), Cannot train on your data","Export to Google Slides (from Studio), Export tables to Google Sheets, Export podcast audio, Export briefing doc, Share notebooks","Google Drive (import sources), Gemini (attach notebooks), Google Workspace (Sheets, Slides export)","CORE PRODUCT: Multimodal AI (text, audio, video), Grounded generation (cites sources), Audio Overviews (podcast synthesis), Slide deck auto-generation (Nano Banana Pro layout AI), Gemini integration for enhanced reasoning, Custom response styles",Best-in-class document synthesis with source grounding. No hallucinations (cites actual sources). Unique audio overview feature. Free for all users.
